player_id,player_name,age,matches,innings,not_outs,runs,batting_average,strike_rate,centuries,fifties,ducks,recent_form_score,fitness_score,fielding_score,role,selected
P0001,Player 0001,30,50,41,4,943,23.37,100.88,2,2,3,56.7,82.7,92.2,Middle Order,0
P0002,Player 0002,33,28,23,5,212,24.7,78.67,1,1,1,68.1,82.1,35.0,Middle Order,0
P0003,Player 0003,24,41,37,6,1393,42.36,88.25,2,3,3,81.0,76.6,71.8,Middle Order,1
P0004,Player 0004,30,33,22,2,1096,42.74,91.68,1,1,2,26.7,88.9,55.6,All Rounder,1
P0005,Player 0005,22,65,59,6,1516,25.58,102.35,2,5,8,42.1,70.7,81.8,Top Order,0
P0006,Player 0006,21,59,52,11,1364,,97.88,0,2,5,56.5,95.6,73.5,Top Order,1
P0007,Player 0007,21,48,42,10,654,22.49,111.19,1,1,3,75.3,79.9,80.2,Top Order,0
P0008,Player 0008,20,20,18,3,296,26.36,79.0,0,2,2,67.6,99.8,67.0,Middle Order,0
P0009,Player 0009,29,34,26,4,309,17.12,91.35,1,1,1,55.5,83.4,75.6,Middle Order,0
P0010,Player 0010,24,61,43,7,1872,50.36,94.59,1,6,1,63.5,70.5,52.5,Middle Order,0
P0011,Player 0011,21,85,62,11,1658,38.85,102.39,1,3,8,41.3,88.1,81.6,Top Order,1
P0012,Player 0012,31,34,23,6,256,40.64,65.02,0,0,1,69.3,79.3,83.3,All Rounder,1
P0013,Player 0013,23,103,95,8,3665,,83.61,1,3,12,67.5,67.0,55.5,Middle Order,0
P0014,Player 0014,31,36,29,6,1259,43.49,91.89,1,3,4,97.8,72.3,58.3,Top Order,1
P0015,Player 0015,24,36,26,3,1108,40.09,84.24,2,2,2,74.9,76.6,67.2,Wicket Keeper,1
P0016,Player 0016,25,53,46,6,574,16.91,55.0,0,0,3,66.5,76.2,73.4,All Rounder,0
P0017,Player 0017,35,31,29,7,100,17.1,70.25,1,0,3,53.9,83.2,76.4,Middle Order,0
P0018,Player 0018,29,46,43,7,1192,30.93,92.16,0,0,4,47.9,89.3,59.7,All Rounder,1
P0019,Player 0019,21,48,34,7,1221,30.01,101.72,0,2,3,48.4,84.1,60.8,Middle Order,0
P0020,Player 0020,32,35,26,3,1348,43.89,77.78,1,2,2,58.9,72.7,91.1,Wicket Keeper,1
P0021,Player 0021,24,39,25,2,662,34.83,92.59,1,3,3,54.1,88.9,77.0,All Rounder,1
P0022,Player 0022,19,58,49,4,1880,43.14,78.04,1,1,3,85.3,68.7,65.9,Middle Order,1
P0023,Player 0023,24,73,53,3,2016,35.17,82.51,2,0,7,70.4,80.1,61.6,Top Order,1
P0024,Player 0024,27,95,88,15,2775,34.2,73.07,0,3,9,83.8,82.9,73.5,Middle Order,0
P0025,Player 0025,31,49,34,6,573,22.06,73.15,0,2,1,66.6,73.2,68.9,Wicket Keeper,0
P0026,Player 0026,31,13,12,2,100,27.82,105.12,1,0,0,87.1,78.0,68.3,Middle Order,0
P0027,Player 0027,33,35,27,4,532,28.71,86.77,0,0,1,67.3,100.0,74.2,All Rounder,0
P0028,Player 0028,32,10,8,1,100,40.72,80.22,1,0,1,67.4,83.1,85.6,Top Order,0
P0029,Player 0029,31,47,32,8,659,38.07,97.48,0,0,3,84.1,90.9,67.5,Middle Order,1
P0030,Player 0030,21,30,21,5,785,28.6,81.09,1,0,1,41.7,65.9,55.4,Middle Order,0
P0031,Player 0031,35,53,44,11,1839,45.42,97.23,1,2,2,70.4,87.9,51.3,Middle Order,1
P0032,Player 0032,26,40,30,3,1394,45.9,88.75,1,0,3,72.7,81.7,56.4,Top Order,0
P0033,Player 0033,21,45,32,3,1163,29.49,91.73,0,4,2,75.4,92.6,51.1,Middle Order,1
P0034,Player 0034,24,36,31,7,890,40.24,76.77,1,3,4,73.7,96.9,83.8,Middle Order,1
P0035,Player 0035,24,79,72,15,2853,49.98,93.01,2,2,10,63.8,69.4,67.2,Top Order,1
P0036,Player 0036,22,5,4,0,100,54.24,94.23,1,2,1,69.6,81.8,63.7,Middle Order,0
P0037,Player 0037,31,70,59,6,2069,32.64,98.41,0,4,7,88.4,85.7,75.9,Wicket Keeper,1
P0038,Player 0038,32,71,50,3,1530,44.78,102.32,0,2,6,92.3,87.4,95.3,Top Order,1
P0039,Player 0039,28,59,50,10,1929,46.31,82.26,0,3,3,95.6,81.0,67.6,Wicket Keeper,1
P0040,Player 0040,28,51,48,10,525,15.0,96.31,1,2,5,78.2,82.5,100.0,Top Order,0
P0041,Player 0041,18,55,51,3,1046,23.32,77.37,2,5,5,70.2,90.8,65.7,All Rounder,0
P0042,Player 0042,28,36,26,5,1007,44.03,87.0,3,0,4,54.1,93.5,70.4,Top Order,0
P0043,Player 0043,35,22,18,3,364,42.1,,0,3,2,78.2,78.8,66.7,Middle Order,1
P0044,Player 0044,22,63,45,2,1454,34.42,83.77,2,4,1,40.7,73.6,75.5,Middle Order,0
P0045,Player 0045,26,62,59,9,1558,33.05,88.79,1,2,2,66.3,87.4,71.3,Top Order,1
P0046,Player 0046,30,66,48,3,1678,32.25,89.24,0,0,1,75.3,100.0,66.4,Middle Order,0
P0047,Player 0047,23,43,39,2,784,18.04,89.05,1,2,2,57.4,73.8,67.3,Middle Order,0
P0048,Player 0048,19,69,47,10,827,29.53,78.4,0,1,2,82.5,77.1,70.2,All Rounder,0
P0049,Player 0049,33,60,54,9,1635,54.09,100.75,1,0,3,86.2,71.5,72.0,All Rounder,1
P0050,Player 0050,35,87,67,16,1713,,72.24,3,2,4,45.3,76.3,68.0,Middle Order,0
P0051,Player 0051,18,46,32,3,1030,47.65,70.89,0,0,3,78.0,67.1,78.4,Top Order,0
P0052,Player 0052,27,5,4,0,196,25.57,100.29,0,3,0,76.4,85.5,73.3,All Rounder,0
P0053,Player 0053,29,22,16,1,365,38.22,85.64,0,0,1,69.4,73.2,74.3,Top Order,0
P0054,Player 0054,21,54,43,3,1214,39.58,79.17,1,0,6,52.7,84.5,78.3,All Rounder,1
P0055,Player 0055,30,14,13,3,473,42.88,58.29,1,1,2,52.3,80.9,61.8,Top Order,0
P0056,Player 0056,26,61,47,8,1314,36.91,100.26,2,3,6,56.8,74.0,77.0,Middle Order,1
P0057,Player 0057,19,29,19,3,533,33.82,66.42,0,0,0,61.3,88.5,51.1,Middle Order,0
P0058,Player 0058,30,48,41,6,1856,48.97,75.85,0,0,1,100.0,79.1,72.5,Top Order,1
P0059,Player 0059,30,52,38,7,1018,29.22,100.9,0,1,3,55.4,72.2,59.2,Wicket Keeper,1
P0060,Player 0060,32,26,23,5,698,59.48,110.81,3,3,1,59.2,82.8,67.8,Top Order,1
P0061,Player 0061,25,54,38,4,1047,43.48,73.57,0,0,1,71.8,94.9,81.8,Middle Order,0
P0062,Player 0062,33,71,48,10,1983,36.38,86.91,1,3,2,66.4,94.7,79.3,Wicket Keeper,0
P0063,Player 0063,27,33,30,3,1546,43.24,100.76,2,0,1,44.6,81.2,77.6,All Rounder,1
P0064,Player 0064,31,38,34,8,543,38.24,69.77,2,0,3,69.1,91.4,73.3,Top Order,0
P0065,Player 0065,35,31,26,2,882,41.36,103.1,1,2,3,84.2,81.5,71.6,Middle Order,1
P0066,Player 0066,24,59,42,4,952,24.47,62.03,0,5,2,58.2,85.6,71.1,All Rounder,0
P0067,Player 0067,23,67,54,13,1824,40.12,86.82,0,7,3,59.6,70.1,89.9,All Rounder,1
P0068,Player 0068,23,30,21,2,720,38.69,86.46,1,0,3,100.0,82.2,81.8,All Rounder,1
P0069,Player 0069,20,35,26,5,768,48.06,,2,2,3,75.2,68.7,95.7,Top Order,1
P0070,Player 0070,30,63,48,5,1593,36.62,102.25,1,2,1,66.1,75.9,72.6,All Rounder,1
P0071,Player 0071,20,45,36,5,611,23.57,70.37,0,1,2,86.2,84.3,79.2,Middle Order,0
P0072,Player 0072,26,82,76,6,2998,42.0,68.96,1,5,2,61.3,89.4,77.7,Middle Order,1
P0073,Player 0073,24,43,30,2,1096,44.58,95.31,0,2,1,97.4,74.5,85.1,Middle Order,1
P0074,Player 0074,27,29,19,3,100,15.0,105.91,0,1,1,79.9,81.0,71.2,Middle Order,0
P0075,Player 0075,18,16,11,2,361,32.46,75.35,0,0,1,72.8,91.1,70.5,Top Order,0
P0076,Player 0076,33,29,20,2,703,39.89,63.66,1,0,3,58.5,69.9,83.3,Top Order,0
P0077,Player 0077,28,5,4,0,100,18.94,81.2,0,0,0,53.5,73.2,71.7,All Rounder,0
P0078,Player 0078,20,49,44,7,1442,38.16,111.75,1,4,5,65.9,97.2,75.3,Top Order,1
P0079,Player 0079,29,81,56,6,1421,32.58,66.18,2,3,1,53.9,88.7,53.0,Middle Order,0
P0080,Player 0080,18,8,5,1,519,48.52,93.41,1,0,0,91.0,90.9,75.3,Top Order,1
P0081,Player 0081,26,12,10,1,383,23.24,97.85,0,0,1,88.3,79.3,66.4,Top Order,1
P0082,Player 0082,22,18,12,1,336,40.97,74.12,0,0,1,89.4,72.0,71.9,Top Order,0
P0083,Player 0083,30,39,32,3,1062,46.84,91.02,1,5,3,47.4,77.8,68.9,Top Order,0
P0084,Player 0084,25,22,16,2,218,26.08,78.43,1,0,1,81.2,74.8,84.2,Top Order,0
P0085,Player 0085,21,62,51,6,439,15.0,63.49,1,0,2,64.5,75.8,66.3,Middle Order,0
P0086,Player 0086,23,67,56,7,1333,26.02,75.96,2,5,5,56.4,75.4,68.8,Middle Order,0
P0087,Player 0087,26,28,24,3,369,29.57,99.46,0,0,3,38.6,81.1,79.2,Top Order,0
P0088,Player 0088,34,38,34,4,1329,33.05,86.56,1,1,4,64.6,70.5,58.9,All Rounder,0
P0089,Player 0089,29,27,26,2,379,15.0,94.58,0,0,2,55.9,80.8,60.9,All Rounder,0
P0090,Player 0090,26,58,40,3,960,27.31,88.39,2,1,1,78.8,93.8,73.4,Top Order,0
P0091,Player 0091,21,84,60,11,1255,28.64,70.03,1,3,1,70.1,99.8,80.8,Middle Order,0
P0092,Player 0092,24,22,19,2,500,40.32,84.26,0,0,2,75.1,62.5,83.7,Middle Order,0
P0093,Player 0093,31,34,27,5,769,54.05,75.28,1,0,2,50.0,71.0,83.1,Middle Order,1
P0094,Player 0094,24,19,13,1,304,32.2,72.72,0,3,1,96.1,83.7,100.0,Top Order,0
P0095,Player 0095,33,55,48,8,943,35.38,73.44,1,2,2,69.2,75.6,100.0,Middle Order,0
P0096,Player 0096,28,54,45,3,1522,35.09,84.59,0,2,1,59.4,84.1,69.8,Middle Order,0
P0097,Player 0097,26,27,21,1,572,22.2,80.37,0,0,2,63.2,64.9,83.0,Wicket Keeper,0
P0098,Player 0098,26,39,26,6,834,55.33,82.52,0,1,2,69.2,82.2,66.4,Top Order,1
P0099,Player 0099,23,94,70,7,1888,31.12,103.69,1,0,9,89.1,76.9,63.5,Middle Order,1
P0100,Player 0100,20,91,83,20,2375,41.62,78.34,1,3,4,63.1,82.7,84.7,Middle Order,0
P0101,Player 0101,21,25,19,3,1163,61.41,98.53,0,6,2,51.4,88.9,80.6,Middle Order,1
P0102,Player 0102,26,45,31,5,775,26.09,91.27,2,1,2,77.0,83.9,77.9,Wicket Keeper,1
P0103,Player 0103,29,36,33,2,1332,41.57,94.52,1,0,2,60.1,73.5,92.4,Top Order,1
P0104,Player 0104,31,55,47,9,223,15.0,87.77,0,0,5,55.5,83.5,57.5,Middle Order,0
P0105,Player 0105,26,20,18,3,698,39.51,112.38,0,0,2,77.5,79.4,74.9,Top Order,1
P0106,Player 0106,31,58,51,6,2206,44.71,78.64,0,6,7,90.5,70.2,47.5,Wicket Keeper,0
P0107,Player 0107,21,68,64,14,1794,35.46,73.77,0,0,4,61.1,95.4,87.0,Middle Order,1
P0108,Player 0108,35,73,60,11,1803,32.39,85.54,0,0,2,61.6,87.0,65.0,Top Order,0
P0109,Player 0109,21,13,10,1,510,65.0,70.3,0,3,0,78.5,90.9,94.3,Middle Order,1
P0110,Player 0110,25,87,69,4,2768,43.58,103.38,2,0,7,85.6,77.6,62.1,Middle Order,1
P0111,Player 0111,23,25,18,2,758,34.72,83.37,2,0,0,49.6,82.9,64.7,Middle Order,1
P0112,Player 0112,33,15,12,2,405,26.49,95.53,0,1,0,72.5,77.0,100.0,Middle Order,0
P0113,Player 0113,31,72,66,5,1265,24.64,88.99,1,1,3,65.3,90.6,98.8,Middle Order,0
P0114,Player 0114,29,66,46,10,1167,26.11,105.17,0,2,1,85.1,80.9,70.7,Top Order,1
P0115,Player 0115,29,46,38,7,1174,29.22,71.64,0,2,2,40.4,90.2,82.7,Middle Order,0
P0116,Player 0116,19,67,47,7,770,29.03,76.06,0,1,6,88.1,80.9,67.7,Middle Order,0
P0117,Player 0117,29,62,47,5,1115,33.84,92.24,0,1,5,77.1,78.2,96.4,Top Order,1
P0118,Player 0118,30,54,42,3,815,24.26,83.79,0,2,3,62.6,72.3,85.4,All Rounder,0
P0119,Player 0119,24,23,18,3,487,38.42,82.84,0,0,2,63.5,96.3,60.9,All Rounder,1
P0120,Player 0120,35,39,27,5,1071,42.95,72.56,0,4,4,64.4,73.6,96.5,Middle Order,0
P0121,Player 0121,31,47,42,7,1790,53.8,78.26,1,1,4,67.3,83.1,82.3,All Rounder,1
P0122,Player 0122,23,73,58,9,740,19.78,90.28,0,0,1,63.8,84.5,79.3,Middle Order,0
P0123,Player 0123,21,82,55,5,652,16.78,69.29,2,2,7,78.8,72.3,70.4,All Rounder,0
P0124,Player 0124,25,44,35,3,1136,32.25,72.84,2,2,4,92.7,81.6,51.2,Middle Order,0
P0125,Player 0125,21,33,27,4,921,36.78,77.51,1,1,2,72.2,76.6,78.7,Top Order,0
P0126,Player 0126,23,29,23,3,945,45.6,108.04,1,2,2,83.0,79.2,90.6,Middle Order,1
P0127,Player 0127,35,67,47,10,967,27.28,83.74,1,0,5,94.9,71.6,57.9,Wicket Keeper,0
P0128,Player 0128,31,32,29,7,806,53.29,97.04,1,0,3,82.7,77.6,82.7,All Rounder,1
P0129,Player 0129,25,94,63,14,1907,35.9,85.18,0,0,3,65.6,81.1,81.1,Middle Order,0
P0130,Player 0130,34,51,46,3,1722,37.89,98.85,0,1,6,62.0,65.4,92.6,Middle Order,1
P0131,Player 0131,31,50,36,6,1138,33.87,107.03,1,1,1,68.8,76.7,85.6,Top Order,1
P0132,Player 0132,22,62,51,9,1879,49.68,83.07,2,3,4,57.0,,73.0,Wicket Keeper,1
P0133,Player 0133,29,47,41,9,1823,39.45,72.27,2,4,4,72.4,79.9,68.8,Wicket Keeper,1
P0134,Player 0134,25,27,21,5,893,42.05,81.55,1,2,2,69.7,63.1,75.5,All Rounder,0
P0135,Player 0135,23,49,37,4,1343,36.27,93.14,1,2,4,86.5,83.6,78.8,Middle Order,1
P0136,Player 0136,32,56,50,4,965,24.1,74.26,0,3,3,42.5,86.4,92.9,Middle Order,0
P0137,Player 0137,24,36,25,4,647,37.83,95.85,1,1,3,83.7,89.3,74.5,Top Order,1
P0138,Player 0138,33,42,36,2,1347,34.48,84.54,1,2,3,82.9,77.0,92.5,All Rounder,1
P0139,Player 0139,24,46,39,10,862,27.08,91.86,0,0,5,72.9,73.6,85.8,All Rounder,1
P0140,Player 0140,35,6,5,1,615,42.29,95.25,0,0,0,43.2,75.2,80.3,Top Order,1
P0141,Player 0141,33,30,28,5,992,30.31,70.7,1,0,3,79.6,75.0,74.0,Top Order,1
P0142,Player 0142,32,44,41,10,746,46.34,99.07,1,2,4,79.7,68.6,66.9,Top Order,1
P0143,Player 0143,25,22,15,2,366,40.79,105.61,0,1,1,76.6,72.4,37.5,Wicket Keeper,0
P0144,Player 0144,30,58,44,4,1784,49.87,102.6,0,3,3,69.5,74.7,100.0,Middle Order,1
P0145,Player 0145,26,59,55,3,1033,23.05,79.66,1,3,7,77.4,80.4,58.0,Top Order,0
P0146,Player 0146,23,5,4,0,100,35.47,80.89,0,2,0,73.8,82.0,60.2,Top Order,0
P0147,Player 0147,32,34,29,6,100,15.46,86.42,0,1,4,81.5,75.1,80.9,Top Order,0
P0148,Player 0148,22,57,45,3,1745,51.88,88.01,1,1,5,83.8,70.7,68.3,Top Order,1
P0149,Player 0149,29,40,37,9,308,31.38,79.49,0,2,3,65.5,100.0,79.5,Middle Order,0
P0150,Player 0150,24,59,50,8,1765,44.32,92.62,1,1,4,52.4,77.6,74.0,Middle Order,0
P0151,Player 0151,27,61,40,2,1917,42.97,88.12,0,1,2,66.8,65.7,80.6,Top Order,1
P0152,Player 0152,31,13,10,2,263,49.36,72.25,0,0,1,67.7,99.6,82.0,Middle Order,1
P0153,Player 0153,33,53,45,7,847,25.11,87.31,0,1,4,93.2,67.4,65.3,Top Order,1
P0154,Player 0154,27,27,25,5,336,29.18,92.88,0,0,3,46.4,92.5,88.6,Middle Order,0
P0155,Player 0155,35,5,4,0,100,18.92,87.67,0,0,1,80.0,92.1,59.0,Wicket Keeper,0
P0156,Player 0156,25,58,42,3,1072,31.87,70.66,1,2,6,78.3,98.3,100.0,Top Order,1
P0157,Player 0157,19,30,26,3,955,31.07,84.3,0,0,2,78.1,69.6,54.3,Wicket Keeper,0
P0158,Player 0158,25,44,31,3,890,33.82,76.35,1,2,2,61.7,71.9,77.0,All Rounder,0
P0159,Player 0159,33,62,53,9,1575,35.05,86.59,1,1,7,85.0,69.8,62.9,All Rounder,1
P0160,Player 0160,29,69,50,3,956,18.76,75.29,0,0,4,78.6,93.6,62.7,Wicket Keeper,0
P0161,Player 0161,34,41,33,4,1202,42.41,104.78,1,1,3,59.4,79.1,68.5,Middle Order,1
P0162,Player 0162,30,27,24,4,887,40.42,92.69,0,0,2,53.8,61.9,99.1,Top Order,1
P0163,Player 0163,23,33,26,1,1347,53.06,92.93,3,0,3,69.9,87.6,85.7,Middle Order,1
P0164,Player 0164,28,71,60,7,2087,31.99,88.72,2,2,6,83.0,100.0,45.9,All Rounder,1
P0165,Player 0165,19,40,37,9,714,36.1,72.06,2,0,2,49.3,81.8,75.2,All Rounder,0
P0166,Player 0166,35,87,65,6,2484,42.02,95.1,1,2,4,57.3,89.2,78.4,Top Order,1
P0167,Player 0167,35,82,76,9,3307,48.69,86.62,0,1,3,83.1,93.7,71.8,Top Order,1
P0168,Player 0168,34,33,28,6,100,16.99,79.73,0,1,3,62.1,72.3,76.0,Top Order,0
P0169,Player 0169,29,88,68,16,2123,41.52,82.69,2,0,3,48.3,84.0,96.8,Top Order,0
P0170,Player 0170,26,35,29,7,732,18.71,76.27,1,0,2,55.3,73.6,43.3,Top Order,0
P0171,Player 0171,30,45,41,9,1028,46.88,92.01,2,3,6,40.7,81.9,79.8,All Rounder,1
P0172,Player 0172,23,46,39,2,1221,34.31,91.77,0,2,2,56.2,92.5,77.7,Top Order,0
P0173,Player 0173,23,25,23,5,519,38.62,86.05,0,0,3,69.8,100.0,84.0,Middle Order,1
P0174,Player 0174,26,50,33,5,528,28.59,60.83,2,0,4,45.5,70.0,79.3,Middle Order,0
P0175,Player 0175,19,61,45,3,493,15.49,80.95,1,3,2,76.8,98.6,70.7,Middle Order,0
P0176,Player 0176,19,98,83,7,2966,39.14,80.08,0,2,2,55.1,77.0,76.4,Middle Order,1
P0177,Player 0177,30,78,53,8,2796,57.55,101.41,3,2,6,73.2,91.4,48.0,Middle Order,1
P0178,Player 0178,27,35,24,3,988,51.4,80.87,1,0,3,66.6,76.8,69.8,All Rounder,1
P0179,Player 0179,33,54,47,4,774,18.56,63.81,0,0,6,60.9,90.8,82.5,Middle Order,0
P0180,Player 0180,20,73,65,5,2121,36.23,94.03,1,2,5,53.3,75.1,74.2,Middle Order,0
P0181,Player 0181,21,45,34,7,971,31.42,75.05,1,1,3,75.4,79.2,57.9,Top Order,0
P0182,Player 0182,33,29,19,1,574,38.9,72.17,1,2,2,69.3,83.3,60.9,Middle Order,0
P0183,Player 0183,29,45,29,3,752,32.72,67.2,0,0,2,71.4,84.9,96.0,Middle Order,0
P0184,Player 0184,25,22,19,4,718,46.79,99.28,2,0,2,90.7,88.7,95.6,Middle Order,1
P0185,Player 0185,30,49,46,6,1588,38.25,85.81,1,0,4,66.0,92.2,62.0,Middle Order,1
P0186,Player 0186,22,35,29,3,987,38.36,81.37,0,1,4,96.3,85.3,86.8,Middle Order,1
P0187,Player 0187,24,73,62,5,2259,37.81,80.25,2,4,5,51.6,85.5,59.8,Middle Order,0
P0188,Player 0188,25,42,29,7,830,34.04,106.36,0,0,1,95.0,86.7,45.9,Middle Order,1
P0189,Player 0189,30,19,17,3,100,29.56,91.22,0,2,2,51.7,91.9,92.2,Top Order,0
P0190,Player 0190,22,62,40,2,1704,33.3,88.87,2,1,2,50.0,76.9,78.9,Middle Order,0
P0191,Player 0191,33,41,28,3,1204,44.71,89.43,3,0,2,83.9,84.6,72.7,Middle Order,1
P0192,Player 0192,20,26,24,4,386,46.92,93.84,0,1,1,70.7,84.5,71.1,Middle Order,1
P0193,Player 0193,20,53,36,4,1291,31.84,103.06,0,0,2,81.1,78.6,52.2,All Rounder,1
P0194,Player 0194,27,28,22,2,986,41.99,88.26,0,0,2,53.0,80.9,82.6,Middle Order,0
P0195,Player 0195,26,7,6,1,100,32.63,109.4,0,0,0,72.2,73.8,89.8,Wicket Keeper,0
P0196,Player 0196,26,19,16,2,236,35.83,73.57,0,0,2,44.3,69.9,62.0,Middle Order,0
P0197,Player 0197,21,70,64,5,2507,43.88,91.16,2,3,7,81.7,71.8,65.4,All Rounder,1
P0198,Player 0198,22,77,55,6,1622,36.9,91.95,0,1,6,69.6,99.4,70.9,Wicket Keeper,1
P0199,Player 0199,28,35,32,5,951,26.92,81.98,1,0,4,60.6,63.0,73.3,All Rounder,1
P0200,Player 0200,24,52,42,5,1026,38.09,105.73,1,0,3,59.0,75.5,56.9,Top Order,1
P0201,Player 0201,24,6,4,0,580,33.29,99.13,0,0,0,69.6,82.7,44.7,Middle Order,0
P0202,Player 0202,23,63,47,11,864,15.0,,0,1,5,86.9,86.9,61.1,All Rounder,0
P0203,Player 0203,23,41,37,4,1211,46.15,82.23,1,1,3,78.3,89.0,49.5,Top Order,1
P0204,Player 0204,33,57,51,7,1393,39.38,80.21,0,3,1,54.8,71.9,67.7,Top Order,0
P0205,Player 0205,26,37,30,4,750,,81.25,1,1,4,48.9,84.8,72.2,Middle Order,0
P0206,Player 0206,24,43,39,5,1048,31.98,111.49,1,1,1,41.6,58.1,74.9,Top Order,1
P0207,Player 0207,29,7,6,0,522,47.96,89.95,1,2,1,82.1,75.5,65.3,Middle Order,1
P0208,Player 0208,24,53,45,11,1293,36.89,93.93,0,0,2,58.8,85.8,57.7,Middle Order,0
P0209,Player 0209,22,31,23,1,819,24.44,91.21,1,1,2,75.8,86.6,72.4,Top Order,0
P0210,Player 0210,22,50,35,6,678,30.69,87.12,0,1,3,49.8,84.9,78.6,All Rounder,1
P0211,Player 0211,33,79,59,5,3244,56.63,80.02,0,0,3,81.9,74.8,85.6,All Rounder,1
P0212,Player 0212,32,5,4,1,112,43.32,79.24,0,0,0,53.8,97.3,67.5,Top Order,0
P0213,Player 0213,20,66,44,10,137,24.14,114.48,1,0,2,82.4,85.6,87.2,Middle Order,0
P0214,Player 0214,29,51,42,9,590,30.14,79.76,2,1,2,100.0,73.7,86.1,Middle Order,0
P0215,Player 0215,26,50,44,4,1025,28.26,88.73,1,0,3,75.3,67.1,77.8,Middle Order,0
P0216,Player 0216,31,62,47,7,1638,36.44,85.48,1,0,3,73.1,84.1,61.0,Top Order,1
P0217,Player 0217,23,33,29,2,667,28.36,89.58,2,1,3,75.2,63.8,50.4,Middle Order,0
P0218,Player 0218,23,5,4,1,100,42.31,92.63,0,0,0,55.1,70.6,56.3,Top Order,0
P0219,Player 0219,29,28,21,4,855,44.78,69.73,2,0,0,68.6,75.1,79.9,Wicket Keeper,1
P0220,Player 0220,21,33,23,1,480,29.26,79.74,1,0,2,57.3,67.6,75.2,All Rounder,0
P0221,Player 0221,25,5,4,1,182,46.72,70.01,0,0,1,53.8,82.2,59.0,Middle Order,0
P0222,Player 0222,22,53,48,5,1023,25.45,62.07,1,0,2,82.7,81.7,80.7,All Rounder,0
P0223,Player 0223,26,52,34,7,1885,41.87,82.12,1,0,2,61.0,81.2,65.2,All Rounder,1
P0224,Player 0224,33,15,12,3,382,42.21,73.63,0,2,1,85.6,84.0,59.4,Middle Order,0
P0225,Player 0225,21,42,35,8,1515,47.44,89.96,0,3,2,55.8,89.1,58.9,Middle Order,1
P0226,Player 0226,19,42,35,7,709,23.23,103.1,0,0,4,55.4,71.5,80.4,All Rounder,0
P0227,Player 0227,27,41,30,3,919,32.52,75.42,0,3,2,73.8,69.6,55.2,All Rounder,0
P0228,Player 0228,35,40,33,4,1047,37.46,80.83,1,2,5,75.7,86.2,71.8,Middle Order,0
P0229,Player 0229,26,63,51,4,1597,28.31,80.03,0,6,6,84.0,83.7,86.2,All Rounder,1
P0230,Player 0230,26,45,38,8,1466,55.1,57.92,0,3,5,64.1,79.0,73.5,Top Order,1
P0231,Player 0231,30,86,79,6,1521,26.55,76.22,0,4,4,94.8,78.0,58.6,Top Order,0
P0232,Player 0232,29,46,43,5,1098,21.96,95.62,0,2,5,59.5,78.6,69.3,Wicket Keeper,0
P0233,Player 0233,35,70,65,5,3172,51.52,88.41,1,3,4,62.8,89.1,77.3,Middle Order,1
P0234,Player 0234,34,72,62,11,1448,31.47,102.45,1,2,9,48.1,71.7,87.5,Middle Order,0
P0235,Player 0235,26,7,5,1,307,31.89,90.26,0,0,1,84.4,71.9,57.5,Top Order,0
P0236,Player 0236,32,47,31,3,1286,43.48,96.99,0,1,2,69.0,72.9,69.2,Middle Order,1
P0237,Player 0237,32,52,43,3,1175,26.13,100.06,2,6,2,95.6,81.9,60.3,Top Order,1
P0238,Player 0238,26,55,37,7,979,29.8,84.98,1,2,2,100.0,77.6,75.2,Wicket Keeper,0
P0239,Player 0239,30,52,38,6,1068,33.22,71.26,0,4,3,74.7,71.7,67.1,Top Order,0
P0240,Player 0240,19,70,66,11,2247,43.66,98.23,1,1,5,83.5,95.1,69.0,Middle Order,1
P0241,Player 0241,34,62,50,3,1989,44.58,95.79,0,0,4,49.7,72.8,66.4,Middle Order,1
P0242,Player 0242,28,37,32,3,985,27.29,90.95,0,3,2,41.7,79.9,68.2,Top Order,0
P0243,Player 0243,26,69,53,3,1868,33.06,113.98,2,1,2,43.6,95.8,78.2,Top Order,1
P0244,Player 0244,25,38,26,5,610,28.91,77.37,0,0,1,82.5,81.6,85.6,Middle Order,0
P0245,Player 0245,32,51,47,11,1839,43.16,112.14,2,2,3,60.1,88.5,85.8,Top Order,1
P0246,Player 0246,30,30,27,5,529,25.26,74.75,0,0,2,76.4,84.9,83.3,Middle Order,0
P0247,Player 0247,19,13,12,2,689,40.7,80.09,1,0,1,88.1,94.0,92.0,Top Order,1
P0248,Player 0248,20,18,12,1,789,38.64,92.09,0,5,1,98.1,91.5,68.0,Middle Order,1
P0249,Player 0249,26,76,66,13,2691,48.5,98.55,1,2,9,66.8,76.3,71.0,Top Order,1
P0250,Player 0250,25,60,42,4,1644,46.72,95.17,2,0,4,94.0,78.3,58.5,Wicket Keeper,1
P0251,Player 0251,24,28,26,5,848,41.68,99.85,1,0,3,72.6,63.2,92.8,All Rounder,1
P0252,Player 0252,21,59,42,3,1056,29.46,85.69,1,3,4,49.9,88.1,73.8,Top Order,0
P0253,Player 0253,35,21,18,3,195,15.99,86.99,1,0,2,54.3,81.8,76.8,Middle Order,0
P0254,Player 0254,35,25,23,2,779,45.87,70.95,0,3,2,54.3,75.8,64.5,Top Order,0
P0255,Player 0255,29,5,5,0,261,41.87,97.28,1,2,0,56.9,76.9,73.5,Top Order,0
P0256,Player 0256,26,33,23,2,234,29.95,81.14,1,0,2,85.2,61.3,72.5,Wicket Keeper,0
P0257,Player 0257,30,55,40,6,601,27.92,70.5,0,0,3,57.7,97.0,62.7,Middle Order,0
P0258,Player 0258,18,97,64,8,2128,38.63,70.17,0,1,2,74.3,78.8,61.1,All Rounder,1
P0259,Player 0259,35,35,28,7,741,36.56,73.55,1,2,3,59.8,87.5,100.0,Middle Order,0
P0260,Player 0260,18,48,43,3,767,29.05,124.66,2,1,2,99.4,74.5,68.0,Top Order,1
P0261,Player 0261,25,51,42,9,1056,31.05,86.64,1,3,4,47.5,72.8,83.5,Middle Order,0
P0262,Player 0262,29,62,50,11,949,22.84,94.66,0,0,5,57.8,90.0,86.5,Middle Order,0
P0263,Player 0263,31,27,19,2,528,28.62,75.9,1,2,1,84.6,79.6,61.0,Top Order,0
P0264,Player 0264,23,17,16,2,288,34.78,94.58,0,0,2,68.8,83.3,78.3,Middle Order,1
P0265,Player 0265,31,62,47,6,1140,25.74,75.51,2,2,6,85.4,94.7,90.5,Top Order,0
P0266,Player 0266,34,14,11,2,226,24.02,90.65,0,0,0,74.9,85.8,46.4,Top Order,0
P0267,Player 0267,24,54,38,5,643,23.85,103.22,0,5,4,100.0,80.6,89.3,Wicket Keeper,1
P0268,Player 0268,26,31,28,5,649,33.06,91.93,0,4,1,59.0,85.7,70.1,All Rounder,1
P0269,Player 0269,30,43,30,3,457,37.25,107.99,1,3,2,100.0,85.1,99.7,Top Order,1
P0270,Player 0270,28,53,42,4,1521,41.03,81.06,1,1,5,56.2,78.7,83.0,Top Order,0
P0271,Player 0271,29,5,4,1,100,36.34,91.58,1,2,0,81.2,85.5,66.3,Top Order,0
P0272,Player 0272,28,91,81,16,2451,39.75,92.57,1,8,5,50.5,77.7,62.5,Top Order,0
P0273,Player 0273,29,12,8,1,607,53.99,112.36,0,1,1,68.3,78.8,95.7,Top Order,1
P0274,Player 0274,32,17,13,1,516,50.53,114.51,0,4,0,57.9,74.1,73.5,Middle Order,1
P0275,Player 0275,21,55,44,10,814,36.19,83.74,0,1,4,70.2,96.4,88.0,Wicket Keeper,1
P0276,Player 0276,27,5,4,1,100,23.33,85.98,0,0,1,75.5,64.7,91.9,Top Order,0
P0277,Player 0277,24,23,20,4,592,26.24,98.42,0,3,1,74.9,86.0,72.1,All Rounder,1
P0278,Player 0278,18,48,44,10,699,27.75,84.16,1,3,4,87.2,81.5,63.8,Wicket Keeper,1
P0279,Player 0279,19,34,23,5,405,20.5,102.6,1,2,3,46.1,89.8,70.9,Top Order,0
P0280,Player 0280,32,40,30,7,411,15.21,80.91,1,0,2,82.3,71.7,65.9,Top Order,0
P0281,Player 0281,19,34,32,8,1168,40.93,97.97,0,0,3,74.4,91.5,56.3,Middle Order,1
P0282,Player 0282,32,35,24,3,577,31.34,83.87,0,1,1,85.3,75.2,67.8,Wicket Keeper,1
P0283,Player 0283,19,33,23,1,615,30.83,70.85,0,0,1,71.4,70.7,71.9,Top Order,0
P0284,Player 0284,19,85,70,9,1246,29.15,117.64,0,2,7,51.5,73.9,40.7,Top Order,0
P0285,Player 0285,21,55,41,4,1306,35.76,83.92,1,2,4,38.7,85.6,86.6,All Rounder,0
P0286,Player 0286,29,17,11,1,525,31.38,101.25,1,0,1,52.7,91.2,56.2,Middle Order,0
P0287,Player 0287,21,34,29,5,890,41.27,72.55,0,0,2,71.6,90.8,87.5,Middle Order,1
P0288,Player 0288,21,61,56,10,793,15.18,109.57,0,4,6,65.2,70.6,64.9,Top Order,0
P0289,Player 0289,21,71,50,9,1331,22.54,98.03,0,1,6,100.0,84.5,78.5,Top Order,0
P0290,Player 0290,26,11,7,1,100,44.08,88.05,0,1,0,58.9,87.3,72.6,Middle Order,0
P0291,Player 0291,32,38,33,3,1195,36.76,101.27,1,0,2,58.1,84.0,57.4,Middle Order,0
P0292,Player 0292,24,5,3,0,376,44.55,76.18,1,0,0,38.3,80.6,93.5,All Rounder,1
P0293,Player 0293,23,26,24,4,380,21.68,92.11,2,2,2,33.3,77.5,74.4,Top Order,0
P0294,Player 0294,33,78,51,9,1933,48.15,83.59,0,0,5,84.1,91.1,87.9,Middle Order,1
P0295,Player 0295,22,55,40,7,725,33.42,93.45,0,4,3,60.8,85.2,90.8,Wicket Keeper,1
P0296,Player 0296,24,32,23,5,488,45.3,90.04,0,0,3,42.5,90.7,68.4,All Rounder,1
P0297,Player 0297,25,14,10,2,100,,63.37,2,0,1,60.2,78.2,46.3,Top Order,0
P0298,Player 0298,35,38,35,8,1008,36.23,85.03,1,0,4,37.0,88.5,84.9,Top Order,0
P0299,Player 0299,34,40,27,5,100,16.3,89.53,0,2,2,75.0,75.3,100.0,Middle Order,0
P0300,Player 0300,35,44,38,6,484,27.03,78.32,0,2,4,69.0,86.6,59.2,All Rounder,0
P0301,Player 0301,31,55,37,9,338,31.19,106.89,0,0,2,72.2,87.2,75.6,All Rounder,1
P0302,Player 0302,29,42,28,6,851,24.69,97.72,1,2,2,71.3,89.0,82.0,Top Order,0
P0303,Player 0303,32,5,5,1,100,31.68,88.24,0,2,0,85.9,75.6,47.8,All Rounder,0
P0304,Player 0304,30,23,16,4,255,35.66,96.63,1,0,1,54.4,91.8,71.8,Wicket Keeper,1
P0305,Player 0305,33,29,26,4,473,40.36,80.54,1,1,2,81.4,83.0,51.5,All Rounder,1
P0306,Player 0306,20,13,12,2,697,23.27,91.99,0,1,1,64.6,92.9,61.9,Middle Order,0
P0307,Player 0307,35,69,55,11,1611,39.63,78.77,0,0,4,61.2,90.1,79.1,Wicket Keeper,1
P0308,Player 0308,20,14,12,1,769,34.51,90.67,1,1,1,90.5,81.9,76.1,Top Order,0
P0309,Player 0309,22,50,43,10,1281,32.7,89.61,0,0,2,77.4,76.4,83.7,All Rounder,1
P0310,Player 0310,22,47,32,2,1120,33.49,81.85,1,0,1,48.0,65.5,89.2,Top Order,0
P0311,Player 0311,21,43,33,5,893,21.81,87.51,1,1,3,86.1,90.5,80.8,All Rounder,1
P0312,Player 0312,26,39,31,5,1276,38.22,98.42,0,1,4,68.7,91.7,65.0,Middle Order,1
P0313,Player 0313,20,20,17,1,625,15.0,85.0,0,2,2,59.2,75.6,87.4,Top Order,0
P0314,Player 0314,25,42,34,6,653,21.07,90.19,0,1,2,60.4,89.9,73.5,Top Order,0
P0315,Player 0315,31,60,54,13,1548,36.95,72.61,2,2,3,49.0,83.7,78.9,Top Order,1
P0316,Player 0316,21,17,11,1,138,36.28,77.37,0,0,2,61.0,72.2,86.8,Top Order,0
P0317,Player 0317,23,71,46,2,434,15.0,83.61,2,0,3,55.8,77.3,89.1,Middle Order,0
P0318,Player 0318,33,26,22,3,646,41.94,78.61,0,2,3,61.2,91.5,100.0,Wicket Keeper,1
P0319,Player 0319,30,61,52,5,1297,29.04,95.05,1,3,5,76.0,68.4,69.1,Top Order,0
P0320,Player 0320,20,35,33,7,1506,45.16,97.01,2,0,1,46.4,88.8,64.9,Middle Order,1
P0321,Player 0321,18,78,57,5,1587,23.66,89.48,0,2,1,77.5,83.7,85.9,All Rounder,0
P0322,Player 0322,24,77,71,11,1950,28.84,94.46,3,3,5,62.3,91.6,63.2,Top Order,0
P0323,Player 0323,23,79,74,5,1991,28.24,92.56,1,2,4,48.5,82.4,68.5,Middle Order,0
P0324,Player 0324,33,89,73,7,2192,29.93,95.39,2,6,6,76.1,90.2,93.4,Top Order,1
P0325,Player 0325,28,36,34,5,1565,45.67,83.29,1,0,1,87.9,65.4,94.7,Middle Order,1
P0326,Player 0326,35,5,4,1,100,45.05,71.4,1,0,0,90.4,66.6,70.8,Middle Order,0
P0327,Player 0327,20,6,4,0,100,30.66,90.12,1,2,0,56.7,98.6,68.8,All Rounder,0
P0328,Player 0328,30,13,10,2,445,33.79,86.08,0,1,1,58.8,78.4,86.6,Middle Order,0
P0329,Player 0329,24,61,48,10,1566,41.65,83.6,0,1,6,82.1,86.2,66.3,Top Order,0
P0330,Player 0330,25,62,42,2,2114,34.89,89.93,1,3,5,43.0,69.2,45.6,Middle Order,0
P0331,Player 0331,27,17,12,2,279,36.11,87.67,0,1,0,76.1,89.9,88.8,Middle Order,0
P0332,Player 0332,31,55,49,11,1588,38.52,73.46,0,4,3,98.9,83.7,59.3,Top Order,1
P0333,Player 0333,23,28,26,6,605,,96.96,0,1,1,71.8,85.7,52.7,Top Order,1
P0334,Player 0334,34,26,23,3,335,15.0,82.3,0,1,2,56.3,72.2,78.3,All Rounder,0
P0335,Player 0335,23,44,35,8,519,16.51,81.37,0,0,4,50.1,83.3,81.0,Middle Order,0
P0336,Player 0336,18,7,6,1,213,49.1,107.6,1,0,0,64.4,81.9,60.7,Middle Order,1
P0337,Player 0337,32,57,51,11,1751,42.92,77.42,1,5,2,63.3,97.9,64.6,Top Order,1
P0338,Player 0338,21,53,36,7,1645,36.62,80.18,0,3,3,69.0,79.9,66.2,Top Order,1
P0339,Player 0339,28,79,63,4,2422,45.24,88.07,0,3,7,79.9,83.5,62.5,Top Order,1
P0340,Player 0340,24,61,54,9,817,15.0,96.49,0,0,3,80.4,91.5,52.3,Top Order,0
P0341,Player 0341,33,49,37,3,1185,33.77,91.58,1,0,5,64.0,65.2,63.9,Top Order,0
P0342,Player 0342,20,68,59,14,1770,44.55,89.15,0,2,2,75.9,84.9,80.9,Middle Order,1
P0343,Player 0343,28,39,28,6,479,36.11,76.2,1,0,3,72.0,80.2,78.9,All Rounder,0
P0344,Player 0344,24,45,29,5,1428,43.39,72.94,1,1,1,56.1,74.0,90.3,Top Order,1
P0345,Player 0345,20,15,11,1,498,23.34,102.43,0,0,1,89.7,77.2,80.5,Top Order,0
P0346,Player 0346,32,26,19,4,811,26.69,74.34,1,5,1,56.1,83.7,73.2,Wicket Keeper,0
P0347,Player 0347,26,42,40,2,1683,42.77,96.18,0,1,1,61.4,87.9,64.7,Middle Order,1
P0348,Player 0348,19,65,52,4,1170,27.35,97.44,0,5,6,50.8,82.5,68.8,All Rounder,1
P0349,Player 0349,31,79,59,13,2275,49.55,95.53,2,5,3,63.7,88.1,84.2,Middle Order,1
P0350,Player 0350,20,80,74,8,3152,50.11,97.9,0,7,9,66.1,79.2,78.9,Middle Order,1
P0351,Player 0351,26,33,22,2,263,20.16,,0,1,2,83.1,85.8,59.1,Top Order,0
P0352,Player 0352,18,42,34,7,849,30.55,68.5,0,0,5,29.4,89.8,60.3,All Rounder,0
P0353,Player 0353,28,23,22,3,829,39.3,89.95,0,2,3,62.3,78.0,70.6,Middle Order,0
P0354,Player 0354,20,6,4,1,332,42.76,88.97,1,1,0,66.0,77.6,98.0,All Rounder,1
P0355,Player 0355,32,64,60,14,187,15.0,92.97,0,0,7,77.9,84.1,74.6,Top Order,0
P0356,Player 0356,19,11,9,1,262,31.44,83.36,1,2,1,68.8,77.9,84.8,Top Order,0
P0357,Player 0357,30,59,40,4,1448,48.27,104.56,0,4,5,84.5,78.0,63.8,Top Order,1
P0358,Player 0358,29,30,25,5,831,39.41,90.8,0,1,2,70.6,86.5,82.0,Top Order,0
P0359,Player 0359,28,38,33,2,1092,25.89,78.67,1,0,4,71.7,91.9,68.0,Middle Order,0
P0360,Player 0360,32,67,53,9,2768,53.59,75.58,1,7,3,54.9,78.1,85.2,Top Order,1
P0361,Player 0361,33,23,20,4,588,42.99,109.08,2,4,1,66.8,95.4,61.4,Middle Order,1
P0362,Player 0362,21,56,44,3,1775,36.11,68.3,1,2,6,80.1,77.6,35.0,Middle Order,1
P0363,Player 0363,27,22,17,4,681,28.04,93.44,0,0,2,75.6,73.8,51.4,Middle Order,0
P0364,Player 0364,34,41,37,4,1483,40.16,112.14,0,5,4,81.1,85.1,49.0,Middle Order,1
P0365,Player 0365,18,40,30,5,913,27.89,79.53,0,2,2,77.0,82.2,55.6,Top Order,0
P0366,Player 0366,35,46,35,6,1575,40.8,100.26,2,3,3,59.0,87.3,100.0,Middle Order,1
P0367,Player 0367,22,14,13,3,100,23.04,91.95,0,0,1,85.4,69.9,71.6,All Rounder,0
P0368,Player 0368,29,36,32,3,1037,33.05,98.87,0,4,3,48.9,85.4,78.5,Middle Order,0
P0369,Player 0369,27,51,45,11,1936,47.53,78.01,1,3,2,65.1,83.6,67.7,All Rounder,1
P0370,Player 0370,27,25,19,4,100,27.77,83.55,1,0,1,64.8,83.7,68.9,Middle Order,0
P0371,Player 0371,22,55,45,10,1569,43.13,80.02,1,1,3,68.8,90.0,64.5,All Rounder,1
P0372,Player 0372,26,54,40,10,620,34.81,90.91,1,0,5,63.5,90.1,77.5,Middle Order,0
P0373,Player 0373,33,40,31,2,420,23.82,99.99,1,1,2,92.4,75.4,51.3,Middle Order,0
P0374,Player 0374,28,32,21,3,616,41.68,88.68,0,3,3,67.8,74.7,87.9,Middle Order,1
P0375,Player 0375,30,46,32,3,508,18.51,66.33,0,0,1,91.6,76.4,63.8,All Rounder,0
P0376,Player 0376,21,25,22,2,1040,29.35,93.04,1,2,2,74.5,93.2,100.0,Top Order,0
P0377,Player 0377,30,52,35,5,671,19.65,98.86,1,2,1,56.5,82.2,69.8,Top Order,0
P0378,Player 0378,26,44,40,10,1304,44.5,66.16,1,4,5,62.5,81.5,96.7,All Rounder,1
P0379,Player 0379,30,72,60,5,2206,37.95,88.29,1,4,6,65.5,84.9,80.8,Middle Order,1
P0380,Player 0380,33,40,34,5,1059,31.48,87.21,1,2,1,84.3,81.3,71.6,Middle Order,1
P0381,Player 0381,32,19,13,1,318,51.89,67.63,1,5,2,87.8,81.9,64.7,Middle Order,1
P0382,Player 0382,32,49,43,6,958,26.22,88.64,1,1,5,61.3,82.2,79.6,Middle Order,0
P0383,Player 0383,29,33,28,5,781,39.89,105.82,0,1,2,66.4,,64.2,Middle Order,1
P0384,Player 0384,19,75,57,3,2181,32.56,81.77,0,0,1,66.9,81.3,91.6,Wicket Keeper,0
P0385,Player 0385,21,19,13,1,568,39.07,89.86,1,4,0,77.8,86.6,66.2,Middle Order,1
P0386,Player 0386,23,26,24,2,594,34.11,92.49,1,0,2,65.5,82.1,76.8,Top Order,1
P0387,Player 0387,19,35,29,6,948,41.9,99.91,2,0,1,39.4,78.0,48.8,Middle Order,0
P0388,Player 0388,19,35,29,5,590,23.05,85.83,0,0,1,63.5,77.3,83.7,Middle Order,0
P0389,Player 0389,21,44,38,2,967,35.42,70.45,0,3,4,59.0,94.9,99.0,Middle Order,0
P0390,Player 0390,21,97,84,16,2103,31.96,91.36,3,1,8,44.9,85.4,79.7,Top Order,0
P0391,Player 0391,26,38,30,7,342,26.37,107.95,0,0,4,64.4,81.4,78.2,Top Order,1
P0392,Player 0392,29,73,53,4,1584,37.51,98.2,1,2,4,74.4,82.6,94.7,All Rounder,1
P0393,Player 0393,24,28,25,4,873,40.77,93.75,3,4,2,62.3,82.3,49.4,All Rounder,1
P0394,Player 0394,31,29,25,2,329,27.74,89.13,1,0,1,87.7,81.4,59.0,Wicket Keeper,1
P0395,Player 0395,20,40,36,8,1145,41.79,82.24,0,5,3,83.3,91.1,73.7,All Rounder,1
P0396,Player 0396,32,78,52,5,1333,23.54,86.08,0,1,5,48.0,84.8,72.5,Top Order,0
P0397,Player 0397,18,48,32,6,696,35.0,88.09,1,0,2,47.8,75.0,98.2,Middle Order,0
P0398,Player 0398,20,52,39,8,1393,38.42,95.22,0,0,4,60.1,63.2,82.5,Middle Order,0
P0399,Player 0399,31,30,28,3,927,44.98,100.03,2,4,1,74.8,92.9,49.9,Top Order,0
P0400,Player 0400,31,40,36,6,609,34.8,104.77,1,2,4,75.2,87.7,70.8,Wicket Keeper,1
P0401,Player 0401,32,95,90,10,2944,33.45,83.41,0,5,2,63.1,,73.9,Top Order,0
P0402,Player 0402,25,15,14,3,428,30.41,85.69,1,0,1,87.1,78.8,82.2,Wicket Keeper,0
P0403,Player 0403,26,5,3,1,100,32.0,85.54,2,3,0,75.1,65.4,83.9,All Rounder,1
P0404,Player 0404,34,37,24,4,386,35.9,80.84,0,0,1,69.4,91.7,94.2,Top Order,0
P0405,Player 0405,28,18,13,1,167,52.24,74.8,0,0,0,76.3,72.1,66.4,Middle Order,0
P0406,Player 0406,34,10,8,1,104,,72.55,0,0,1,77.0,87.8,48.6,Middle Order,0
P0407,Player 0407,31,5,5,1,100,49.44,85.82,0,1,1,77.6,90.3,90.0,Middle Order,1
P0408,Player 0408,30,50,47,8,616,40.36,82.4,0,4,2,61.7,87.2,53.0,Middle Order,0
P0409,Player 0409,34,40,30,2,1068,39.75,77.43,0,0,2,71.2,93.7,73.5,All Rounder,1
P0410,Player 0410,21,33,27,5,527,33.61,106.3,0,0,1,52.4,73.2,89.4,Middle Order,0
P0411,Player 0411,22,60,45,5,1719,39.35,97.26,0,4,5,45.8,74.7,63.9,Middle Order,0
P0412,Player 0412,18,65,52,3,1571,28.37,83.32,2,5,7,62.1,66.4,68.1,Wicket Keeper,1
P0413,Player 0413,24,44,40,10,995,40.25,79.44,1,0,2,69.3,,74.5,Top Order,0
P0414,Player 0414,24,61,51,10,1568,41.97,82.43,2,2,3,55.9,87.4,70.7,Top Order,1
P0415,Player 0415,27,8,7,2,100,34.8,71.16,0,3,0,54.4,78.1,85.9,Middle Order,0
P0416,Player 0416,29,50,34,5,1211,39.86,88.44,0,0,3,74.2,83.1,75.0,All Rounder,1
P0417,Player 0417,26,17,15,4,836,41.23,78.7,1,0,2,62.8,83.5,67.4,Middle Order,1
P0418,Player 0418,35,38,33,7,702,35.82,114.01,0,1,3,56.6,96.2,48.9,Wicket Keeper,0
P0419,Player 0419,31,74,50,9,1981,53.89,98.47,0,4,2,81.8,77.2,100.0,Middle Order,1
P0420,Player 0420,25,40,34,3,930,41.83,76.72,0,0,4,61.8,85.2,75.6,Middle Order,0
P0421,Player 0421,28,85,70,13,1472,25.81,88.26,0,1,5,73.7,82.0,86.6,Top Order,0
P0422,Player 0422,18,70,66,5,3168,49.22,85.87,1,5,2,78.1,87.5,45.9,All Rounder,1
P0423,Player 0423,31,60,45,4,990,30.97,95.55,1,1,5,50.6,77.4,89.7,Wicket Keeper,0
P0424,Player 0424,22,14,9,2,525,22.0,88.52,0,3,0,68.8,83.0,77.9,Middle Order,0
P0425,Player 0425,26,43,37,4,1039,29.21,111.21,0,2,4,79.3,92.8,71.3,Middle Order,1
P0426,Player 0426,35,52,46,7,1528,37.78,69.67,0,0,4,83.9,84.7,100.0,All Rounder,1
P0427,Player 0427,25,62,57,5,2529,42.76,91.84,2,6,5,76.5,83.3,60.0,All Rounder,1
P0428,Player 0428,31,41,30,4,1378,41.75,76.58,0,2,3,68.7,86.8,56.0,Top Order,0
P0429,Player 0429,23,8,6,0,100,30.55,76.46,0,0,1,68.0,70.4,77.9,Top Order,0
P0430,Player 0430,30,62,55,10,2025,46.0,92.47,0,3,2,78.4,80.8,74.5,Top Order,1
P0431,Player 0431,26,5,4,0,656,44.3,103.24,1,0,0,75.4,89.8,76.3,Wicket Keeper,1
P0432,Player 0432,30,24,19,1,537,42.11,79.65,0,2,2,71.2,76.0,60.9,All Rounder,1
P0433,Player 0433,29,5,4,0,255,42.85,77.62,0,1,0,53.6,87.9,67.3,Top Order,0
P0434,Player 0434,26,42,31,5,497,41.72,93.01,1,1,4,70.4,93.9,74.3,Top Order,1
P0435,Player 0435,35,60,43,3,1423,47.64,72.82,1,3,3,72.7,80.0,66.0,Middle Order,1
P0436,Player 0436,20,63,53,13,1793,48.2,82.21,0,1,3,93.6,89.4,82.4,Middle Order,1
P0437,Player 0437,28,17,15,1,429,39.8,116.46,0,2,0,71.5,91.4,100.0,All Rounder,1
P0438,Player 0438,33,53,46,7,1212,38.91,103.23,0,1,4,45.7,88.6,64.9,Top Order,0
P0439,Player 0439,28,47,43,10,837,25.74,67.2,0,1,1,67.8,96.7,66.4,Middle Order,0
P0440,Player 0440,33,54,43,10,1032,39.98,106.38,1,0,2,84.0,80.6,71.0,Middle Order,1
P0441,Player 0441,19,62,58,7,1936,40.53,76.81,0,1,2,35.3,78.3,100.0,Top Order,0
P0442,Player 0442,21,51,34,6,1131,40.53,87.24,3,0,3,72.4,75.4,50.7,Middle Order,1
P0443,Player 0443,35,82,62,7,1088,22.64,75.73,1,1,7,56.3,80.7,56.5,All Rounder,0
P0444,Player 0444,20,17,12,1,482,47.12,87.69,0,3,2,74.7,92.1,83.4,Middle Order,1
P0445,Player 0445,27,54,46,2,1274,25.89,83.69,1,2,4,62.8,88.8,84.7,Top Order,0
P0446,Player 0446,27,49,45,8,1099,29.58,109.45,0,4,5,49.0,63.0,66.2,Top Order,0
P0447,Player 0447,19,15,10,1,738,54.54,90.03,0,0,1,70.2,79.6,80.5,Middle Order,1
P0448,Player 0448,28,48,31,3,479,20.23,77.16,1,0,4,72.8,75.0,69.2,Top Order,0
P0449,Player 0449,21,39,30,2,1017,36.66,79.38,1,0,1,72.0,81.2,70.5,Wicket Keeper,1
P0450,Player 0450,35,21,14,3,105,37.34,93.18,0,0,0,54.0,63.0,59.2,Top Order,0
P0451,Player 0451,35,56,49,12,2048,52.25,88.58,1,7,4,69.5,80.6,90.0,Middle Order,1
P0452,Player 0452,29,40,37,8,1326,56.99,92.88,0,3,4,53.7,65.5,76.1,Top Order,1
P0453,Player 0453,31,66,59,9,1396,26.59,95.74,0,0,7,100.0,84.9,78.6,Middle Order,1
P0454,Player 0454,31,36,24,3,653,31.9,75.42,0,2,0,75.4,78.2,81.2,Middle Order,0
P0455,Player 0455,22,76,59,6,1731,36.2,93.06,2,2,3,87.1,67.6,64.1,Middle Order,0
P0456,Player 0456,19,54,48,7,1444,,92.15,1,5,4,75.2,77.8,71.9,Middle Order,0
P0457,Player 0457,27,52,40,5,1998,49.06,99.85,0,2,5,80.5,85.7,63.9,Middle Order,1
P0458,Player 0458,26,68,45,8,1714,45.54,74.93,1,2,4,66.3,67.0,75.3,All Rounder,1
P0459,Player 0459,32,92,84,18,1084,18.0,74.18,1,2,7,71.1,85.0,68.5,Top Order,0
P0460,Player 0460,19,44,29,4,690,25.28,83.34,2,1,3,68.6,76.8,88.2,Middle Order,0
P0461,Player 0461,25,49,46,8,2174,43.59,92.03,0,1,4,76.2,70.6,65.0,Top Order,1
P0462,Player 0462,20,44,33,6,652,35.16,72.24,1,5,2,90.7,88.5,67.9,Top Order,0
P0463,Player 0463,33,52,49,5,1052,30.56,59.26,0,1,5,82.3,95.9,80.0,Top Order,0
P0464,Player 0464,25,5,3,0,100,15.0,88.45,0,2,0,79.2,97.7,64.0,Wicket Keeper,0
P0465,Player 0465,27,80,61,6,2230,32.61,97.75,1,2,4,90.4,61.1,71.3,All Rounder,1
P0466,Player 0466,25,84,59,14,1053,16.16,100.59,1,1,8,34.1,78.7,78.7,Middle Order,0
P0467,Player 0467,26,78,65,14,1256,27.36,75.76,0,1,3,100.0,85.8,58.3,All Rounder,1
P0468,Player 0468,24,47,41,10,1659,36.15,93.84,1,0,2,86.1,77.5,71.5,All Rounder,1
P0469,Player 0469,19,9,6,1,100,42.91,94.69,0,1,0,74.3,69.2,58.3,Middle Order,0
P0470,Player 0470,27,22,16,3,419,27.84,92.57,0,0,0,81.4,86.9,87.8,Middle Order,1
P0471,Player 0471,19,48,36,4,882,32.97,105.76,1,1,2,93.4,82.9,63.6,Middle Order,0
P0472,Player 0472,31,34,24,3,909,41.53,89.15,1,0,2,56.6,78.3,85.4,Middle Order,1
P0473,Player 0473,19,9,7,1,182,37.77,86.42,0,2,1,81.7,90.3,74.5,Top Order,0
P0474,Player 0474,32,31,27,6,945,50.77,88.94,0,2,3,84.2,77.6,46.5,Top Order,1
P0475,Player 0475,26,7,5,1,444,31.35,87.73,0,0,0,65.6,86.6,84.9,Top Order,0
P0476,Player 0476,29,13,10,1,100,36.44,83.28,1,0,1,65.3,96.6,83.9,Middle Order,0
P0477,Player 0477,24,49,37,3,715,24.49,69.17,0,0,3,52.0,98.0,62.9,Top Order,0
P0478,Player 0478,31,25,22,4,100,30.08,91.0,0,0,3,64.6,57.2,75.8,Middle Order,0
P0479,Player 0479,24,14,10,1,100,31.19,88.32,2,5,1,66.9,79.5,60.0,Wicket Keeper,0
P0480,Player 0480,19,23,18,3,488,36.9,82.83,2,1,1,58.4,,73.4,All Rounder,0
P0481,Player 0481,26,27,24,5,588,37.41,93.99,0,0,3,68.5,75.6,69.2,Middle Order,1
P0482,Player 0482,33,54,39,6,1707,52.9,88.67,0,0,5,100.0,64.9,81.5,Wicket Keeper,1
P0483,Player 0483,35,63,53,12,1529,39.77,55.0,0,3,3,45.5,88.6,70.3,Top Order,0
P0484,Player 0484,28,60,40,4,2051,44.12,62.44,1,5,5,59.3,84.8,100.0,Middle Order,1
P0485,Player 0485,27,33,31,6,986,41.18,81.51,0,0,1,82.0,76.9,60.9,Top Order,0
P0486,Player 0486,34,32,24,2,594,26.87,97.76,0,0,3,74.2,75.1,80.4,Wicket Keeper,0
P0487,Player 0487,25,84,63,10,1051,15.0,71.15,1,1,5,63.2,79.2,96.9,All Rounder,0
P0488,Player 0488,24,46,31,3,1099,45.29,106.03,0,4,4,96.9,76.4,48.3,Middle Order,1
P0489,Player 0489,34,32,23,6,708,42.47,,2,1,1,66.3,79.0,61.3,Middle Order,0
P0490,Player 0490,23,64,42,10,1353,35.25,70.23,2,4,2,69.3,71.5,61.1,Top Order,0
P0491,Player 0491,26,20,16,3,208,36.1,83.72,0,1,1,55.3,78.3,61.9,Top Order,0
P0492,Player 0492,23,79,71,17,1289,20.1,81.1,1,0,9,59.8,84.9,87.8,Middle Order,0
P0493,Player 0493,34,84,76,6,4593,63.94,106.1,1,6,2,85.5,77.6,79.4,Top Order,1
P0494,Player 0494,34,61,51,5,486,15.0,85.02,0,3,5,53.1,84.5,78.2,Top Order,0
P0495,Player 0495,19,5,4,1,134,41.3,94.38,0,0,1,64.4,80.1,66.4,All Rounder,1
P0496,Player 0496,25,51,35,5,851,31.36,82.89,1,3,4,68.7,88.2,80.3,Middle Order,0
P0497,Player 0497,18,60,42,7,1039,26.65,,0,1,4,71.2,98.0,80.0,Middle Order,0
P0498,Player 0498,33,52,40,5,1664,40.53,109.52,2,2,5,83.1,63.1,63.1,Middle Order,1
P0499,Player 0499,24,103,91,5,3320,37.72,75.95,1,4,12,52.8,71.6,63.6,Middle Order,0
P0500,Player 0500,30,28,24,5,1017,41.9,84.34,0,4,1,67.6,73.4,66.2,Middle Order,1
P0501,Player 0501,34,33,28,2,1343,45.23,91.53,0,0,2,74.3,88.1,62.7,Top Order,1
P0502,Player 0502,27,70,64,8,894,24.4,57.56,0,2,3,56.8,89.2,70.4,Wicket Keeper,0
P0503,Player 0503,25,47,44,11,634,22.88,90.84,0,1,2,77.3,88.8,85.8,Wicket Keeper,1
P0504,Player 0504,32,71,62,14,1790,41.67,76.16,1,3,2,72.4,72.1,77.8,Top Order,0
P0505,Player 0505,34,46,41,6,1446,26.95,106.51,1,5,3,65.6,63.9,68.1,Middle Order,0
P0506,Player 0506,21,32,30,5,740,33.45,78.3,0,2,2,49.2,85.5,68.8,Top Order,0
P0507,Player 0507,20,22,19,4,825,43.69,82.94,0,0,1,70.2,91.4,86.8,Top Order,1
P0508,Player 0508,32,42,28,4,445,40.43,79.79,0,3,4,74.3,84.9,98.2,Top Order,1
P0509,Player 0509,33,36,30,3,1133,17.65,94.2,0,2,4,83.8,71.9,81.1,All Rounder,0
P0510,Player 0510,31,65,49,5,1574,43.8,70.49,0,1,3,70.8,94.5,82.2,Middle Order,0
P0511,Player 0511,24,55,50,11,1777,41.12,86.82,2,3,3,73.3,95.5,90.8,Wicket Keeper,1
P0512,Player 0512,28,5,4,1,202,35.81,93.35,0,0,0,79.2,90.0,99.6,Middle Order,1
P0513,Player 0513,31,68,50,4,1732,32.0,86.98,0,2,3,68.9,78.6,94.6,Top Order,1
P0514,Player 0514,28,36,28,2,748,32.99,93.43,0,2,2,41.5,82.3,67.6,Top Order,0
P0515,Player 0515,31,18,14,2,231,42.5,73.23,0,0,1,65.2,81.6,62.7,Top Order,0
P0516,Player 0516,23,92,87,17,2795,35.91,55.0,0,5,5,53.7,74.3,68.2,Middle Order,0
P0517,Player 0517,30,43,30,2,933,30.55,78.89,0,2,2,67.7,80.8,70.1,All Rounder,1
P0518,Player 0518,35,49,43,2,1555,33.61,76.02,1,0,3,77.4,83.0,62.0,Top Order,0
P0519,Player 0519,27,59,48,9,2538,60.46,84.11,2,4,6,72.8,72.2,70.3,Middle Order,1
P0520,Player 0520,18,19,13,2,638,25.4,89.98,0,0,1,40.1,76.0,76.5,Top Order,0
P0521,Player 0521,18,49,38,9,975,38.49,118.98,1,0,3,59.9,83.5,60.8,Top Order,0
P0522,Player 0522,18,52,39,6,1673,45.31,93.87,1,3,4,67.5,80.0,70.7,All Rounder,1
P0523,Player 0523,30,33,23,3,810,47.83,106.24,1,0,1,65.0,79.9,60.2,Top Order,1
P0524,Player 0524,30,53,44,11,1087,35.77,90.55,1,2,2,89.8,76.8,69.8,Top Order,1
P0525,Player 0525,34,63,56,9,712,19.61,93.35,0,2,5,51.5,86.8,87.4,All Rounder,0
P0526,Player 0526,32,52,43,10,948,37.67,87.42,0,4,4,87.0,71.9,86.8,Middle Order,0
P0527,Player 0527,35,5,4,1,100,48.17,98.12,0,2,0,47.4,76.6,68.9,Top Order,0
P0528,Player 0528,32,38,31,3,335,15.0,74.73,0,1,3,77.2,59.2,69.2,Middle Order,0
P0529,Player 0529,26,54,48,6,1420,34.64,88.3,1,0,3,76.3,80.4,90.2,Top Order,1
P0530,Player 0530,31,82,70,13,1764,35.02,79.46,1,3,7,67.8,72.8,65.4,Middle Order,1
P0531,Player 0531,26,62,51,5,2196,43.58,100.31,0,0,6,93.2,79.6,76.4,Middle Order,1
P0532,Player 0532,34,56,37,2,1413,33.46,97.71,0,0,3,85.7,83.4,81.7,Middle Order,1
P0533,Player 0533,33,20,18,4,436,26.72,74.19,1,1,1,54.7,94.0,63.9,Top Order,0
P0534,Player 0534,29,61,45,10,1628,39.48,84.58,1,3,2,50.7,85.1,69.8,Top Order,0
P0535,Player 0535,18,102,79,18,1208,20.35,87.29,0,3,2,44.9,72.5,80.3,Top Order,0
P0536,Player 0536,19,47,32,8,782,28.25,84.31,0,2,4,97.0,85.1,70.0,Middle Order,1
P0537,Player 0537,26,38,25,3,100,25.73,80.87,1,1,2,47.1,94.2,50.3,Top Order,0
P0538,Player 0538,26,50,37,6,1090,,90.76,0,1,3,79.9,91.6,61.5,Middle Order,0
P0539,Player 0539,19,61,43,4,1468,40.98,116.33,1,1,3,70.0,89.3,75.1,All Rounder,1
P0540,Player 0540,30,37,26,3,832,43.62,72.2,0,3,2,59.3,90.0,74.5,Top Order,0
P0541,Player 0541,20,49,46,3,848,20.44,89.71,0,0,2,57.2,70.6,69.0,Top Order,0
P0542,Player 0542,24,22,20,2,174,32.66,97.92,0,0,3,80.8,,81.9,Middle Order,1
P0543,Player 0543,31,40,35,9,1056,57.45,90.22,0,1,5,81.7,75.0,77.2,All Rounder,1
P0544,Player 0544,23,46,37,6,1070,21.94,58.42,0,3,5,62.4,93.9,62.6,Middle Order,0
P0545,Player 0545,27,35,24,5,788,47.2,100.67,1,3,3,44.4,73.5,100.0,Middle Order,1
P0546,Player 0546,26,23,19,3,570,41.84,64.63,1,0,0,85.7,69.4,71.8,All Rounder,1
P0547,Player 0547,24,85,61,11,2192,40.29,83.34,1,1,4,71.4,83.6,59.5,Wicket Keeper,1
P0548,Player 0548,29,48,40,9,259,15.0,104.37,1,0,1,66.2,90.8,55.4,Middle Order,0
P0549,Player 0549,30,64,52,10,1499,44.75,106.92,1,1,7,72.9,72.5,58.5,Wicket Keeper,1
P0550,Player 0550,35,13,9,2,100,40.39,95.57,1,2,1,76.9,97.0,90.3,Top Order,0
P0551,Player 0551,24,42,28,7,1187,48.89,93.97,0,0,1,55.8,91.7,62.2,All Rounder,1
P0552,Player 0552,26,38,29,5,860,24.58,80.04,1,2,3,79.2,61.4,57.9,Top Order,0
P0553,Player 0553,25,92,85,6,2572,35.33,78.58,0,2,10,59.7,74.3,89.0,Middle Order,0
P0554,Player 0554,21,65,54,13,1812,43.6,82.94,0,3,4,56.2,75.7,81.8,Top Order,0
P0555,Player 0555,20,43,38,4,1677,43.36,99.73,1,1,2,71.9,67.5,78.2,Middle Order,1
P0556,Player 0556,35,60,53,11,2045,49.42,101.24,1,0,7,74.3,83.7,69.0,All Rounder,1
P0557,Player 0557,25,49,46,5,1827,42.78,104.61,2,3,3,77.1,81.0,69.8,All Rounder,1
P0558,Player 0558,22,56,44,8,809,27.94,87.11,1,0,2,98.3,59.4,80.4,Top Order,0
P0559,Player 0559,32,9,8,1,276,26.41,77.5,0,0,0,89.2,70.0,85.4,Middle Order,0
P0560,Player 0560,34,5,4,1,100,42.59,87.44,0,2,0,87.3,64.5,71.5,Top Order,1
P0561,Player 0561,30,44,40,6,1176,37.08,81.3,1,4,5,73.9,100.0,77.4,Middle Order,1
P0562,Player 0562,20,46,35,9,1117,43.24,81.71,1,4,3,60.5,79.2,53.0,Middle Order,0
P0563,Player 0563,25,46,41,10,1123,34.38,72.47,0,5,2,53.9,77.9,79.3,All Rounder,0
P0564,Player 0564,20,78,58,7,1015,26.63,83.93,0,2,3,73.9,94.1,84.8,Top Order,0
P0565,Player 0565,33,41,31,3,1351,35.82,,1,2,3,51.7,89.3,76.9,Top Order,1
P0566,Player 0566,35,47,32,6,1094,34.26,93.21,1,2,1,73.2,97.7,71.8,Middle Order,1
P0567,Player 0567,23,35,30,3,1385,32.77,95.91,0,1,4,65.4,69.9,64.4,Top Order,0
P0568,Player 0568,24,5,4,1,100,23.3,68.73,0,0,0,69.1,82.2,52.3,Wicket Keeper,0
P0569,Player 0569,25,19,16,3,482,20.81,74.44,0,1,2,84.2,96.6,81.1,Middle Order,0
P0570,Player 0570,25,29,27,6,795,37.8,91.33,1,1,1,68.1,79.1,60.0,Top Order,0
P0571,Player 0571,19,41,27,4,620,34.91,87.81,1,2,1,70.5,70.7,42.2,Middle Order,0
P0572,Player 0572,25,80,54,5,2122,39.83,99.88,0,5,7,88.4,82.7,47.8,All Rounder,1
P0573,Player 0573,20,53,38,3,844,36.16,69.27,0,0,5,58.9,97.3,45.3,Middle Order,0
P0574,Player 0574,19,41,30,5,539,33.17,108.27,1,2,4,55.3,90.5,99.4,Top Order,1
P0575,Player 0575,31,5,4,0,101,16.18,84.37,0,3,0,79.0,84.2,58.4,Middle Order,0
P0576,Player 0576,33,61,54,8,2408,52.11,102.51,1,0,4,48.0,74.7,58.0,Wicket Keeper,1
P0577,Player 0577,26,34,27,5,1354,57.16,100.04,1,2,1,43.6,95.7,61.3,Middle Order,1
P0578,Player 0578,23,5,4,0,453,35.12,111.44,0,2,0,77.6,80.1,60.5,Middle Order,1
P0579,Player 0579,27,51,36,3,887,29.64,84.12,1,3,5,37.2,85.9,74.2,Top Order,0
P0580,Player 0580,23,50,38,6,1634,38.92,87.42,0,0,4,76.7,80.7,80.5,Middle Order,0
P0581,Player 0581,28,55,40,6,521,35.31,101.91,0,2,5,83.5,79.3,97.3,Top Order,0
P0582,Player 0582,26,51,42,9,2046,52.86,107.28,1,3,2,59.1,77.1,57.6,Middle Order,1
P0583,Player 0583,21,27,23,2,498,29.24,89.54,0,1,1,50.2,84.5,59.2,Top Order,0
P0584,Player 0584,32,41,29,4,1430,45.45,77.29,0,1,3,95.0,85.7,71.3,Middle Order,1
P0585,Player 0585,29,23,16,3,407,28.49,88.4,0,2,2,80.3,62.3,86.5,Top Order,0
P0586,Player 0586,25,41,32,6,414,20.84,71.91,0,0,1,72.8,96.0,79.0,Top Order,0
P0587,Player 0587,32,53,43,7,719,33.02,80.5,0,6,4,82.5,86.9,79.1,Middle Order,1
P0588,Player 0588,19,55,39,3,2085,59.74,91.05,1,2,1,81.3,95.7,67.9,All Rounder,1
P0589,Player 0589,34,27,18,4,433,45.44,79.95,1,5,1,56.2,81.9,91.5,Middle Order,1
P0590,Player 0590,30,79,74,18,2340,37.3,101.56,2,4,3,77.4,100.0,78.1,Top Order,1
P0591,Player 0591,34,41,34,8,611,31.09,89.6,0,3,1,77.3,82.0,87.3,Wicket Keeper,0
P0592,Player 0592,30,5,3,0,239,29.85,110.83,0,1,0,79.0,80.5,49.2,Middle Order,0
P0593,Player 0593,35,76,69,12,2080,33.91,88.99,0,2,6,84.5,99.6,93.3,Top Order,1
P0594,Player 0594,35,67,44,5,2555,57.2,114.57,0,7,3,71.3,90.6,83.2,Wicket Keeper,1
P0595,Player 0595,26,76,57,6,2217,42.34,116.96,1,3,7,78.1,80.8,71.1,Middle Order,1
P0596,Player 0596,23,44,39,9,268,16.2,78.78,1,0,4,57.1,75.7,72.4,Middle Order,0
P0597,Player 0597,35,39,34,7,512,33.36,60.05,0,2,1,30.5,63.1,62.5,Middle Order,0
P0598,Player 0598,29,29,25,6,858,39.61,111.21,0,0,1,83.0,84.4,81.3,All Rounder,1
P0599,Player 0599,29,62,45,7,735,24.96,104.89,0,8,6,74.6,100.0,72.2,Top Order,1
P0600,Player 0600,28,65,58,6,1765,31.05,110.93,0,0,2,53.6,71.9,66.4,Top Order,1
